subject_id,component,condition,latency_frac_area_ms,mean_amplitude_roi,peak_latency_ms,peak_amplitude_roi,n_epochs,baseline_noise_uv,snr,collapsed_peak_latency_ms,window_start_ms,window_end_ms,fwhm_ms
02,P1,Decrease by 1,117.02523344514879,0.6896864205236655,120.0,1.3822366273291755,24,0.3181614417403118,2.167724714695623,112.0,97.42910462046567,127.34133545424339,29.912230833777727
02,N1,Decrease by 1,163.39728435892937,-1.5157341861580649,164.0,-3.4361401061421515,24,0.6545903992104997,2.315546008597421,176.0,144.80654803332752,213.66128472601758,68.85473669269007
02,P3b,Decrease by 1,476.86434076176636,3.2313204857915325,448.0,3.8150455547288935,24,0.8131458766523174,3.9738509147887755,468.0,424.5281382173206,539.0568287363336,114.52869051901303
02,P1,Decrease by 2,115.41802095323332,2.6786423012509126,120.0,4.082683413692108,27,0.9804883492024001,2.7319470990449943,112.0,97.42910462046567,127.34133545424339,29.912230833777727
02,N1,Decrease by 2,167.22237552345277,-1.5120740109932318,168.0,-3.8948598894546484,27,0.8500976645704281,1.778706228721748,176.0,144.80654803332752,213.66128472601758,68.85473669269007
02,P3b,Decrease by 2,465.7049420850956,2.909538297803301,472.0,5.001089112358362,27,0.5836749744744552,4.984860453239525,468.0,424.5281382173206,539.0568287363336,114.52869051901303
02,P1,Decrease by 3,115.12813554129893,2.2738674643247343,124.0,3.311747625275001,20,0.7112951748423206,3.1967986635489316,112.0,97.42910462046567,127.34133545424339,29.912230833777727
02,N1,Decrease by 3,172.51004028726751,-1.8869621953925393,164.0,-2.9587061519359317,20,0.7938916061081932,2.3768511732260085,176.0,144.80654803332752,213.66128472601758,68.85473669269007
02,P3b,Decrease by 3,468.59065387866724,3.321074112577418,460.0,4.6238684921462445,20,0.6841547338003013,4.85427338071567,468.0,424.5281382173206,539.0568287363336,114.52869051901303
03,P1,Decrease by 1,110.03057664912929,4.148680242389359,104.0,5.232457500277714,28,0.8246970234288846,5.030550765346746,112.0,97.42910462046567,127.34133545424339,29.912230833777727
03,N1,Decrease by 1,179.85485126739388,-5.22481427294796,192.0,-5.991707179962741,28,0.7903978692208665,6.610359764884377,176.0,144.80654803332752,213.66128472601758,68.85473669269007
03,P3b,Decrease by 1,532.7246657330297,0.06908435958720409,536.0,1.4121823103743627,28,0.5709025789511692,0.12100901648425212,468.0,424.5281382173206,539.0568287363336,114.52869051901303
03,P1,Decrease by 2,109.32203693319228,2.0802059371354464,104.0,2.837758345451009,19,1.0588779202402614,1.964538024046666,112.0,97.42910462046567,127.34133545424339,29.912230833777727
03,N1,Decrease by 2,177.75196998134498,-4.603911117440911,184.0,-5.445915538931538,19,1.612684797254642,2.8548115076662164,176.0,144.80654803332752,213.66128472601758,68.85473669269007
03,P3b,Decrease by 2,nan,-2.447954542834181,536.0,-1.3768518054420398,19,2.0603993693939655,1.1880971132087896,468.0,424.5281382173206,539.0568287363336,114.52869051901303
03,P1,Decrease by 3,111.81447246650772,7.242874953151879,112.0,8.154269462295735,19,1.1956558809189055,6.057658452351243,112.0,97.42910462046567,127.34133545424339,29.912230833777727
03,N1,Decrease by 3,181.08641498566013,-5.865464369872626,188.0,-6.652212328270337,19,1.7918247527711335,3.273458724577521,176.0,144.80654803332752,213.66128472601758,68.85473669269007
03,P3b,Decrease by 3,521.8497180386344,0.1017312723132945,536.0,0.7640918696871022,19,1.6979518286753055,0.0599141098087938,468.0,424.5281382173206,539.0568287363336,114.52869051901303
04,P1,Decrease by 1,113.56888441110792,1.9971946527789035,116.0,2.3966295024779454,20,0.6843968251706871,2.9181822289733845,112.0,97.42910462046567,127.34133545424339,29.912230833777727
04,N1,Decrease by 1,nan,0.027549658711433705,204.0,-1.2298829330450343,20,0.5003339864554901,0.05506253713964828,176.0,144.80654803332752,213.66128472601758,68.85473669269007
04,P3b,Decrease by 1,480.9848790904211,4.4193602736384126,480.0,5.175776469263606,20,0.4688086360347546,9.426789384721975,468.0,424.5281382173206,539.0568287363336,114.52869051901303
04,P1,Decrease by 2,116.2599376990456,1.8931420419446414,124.0,3.1180015243212287,25,0.5131080754110806,3.689558072980893,112.0,97.42910462046567,127.34133545424339,29.912230833777727
04,N1,Decrease by 2,195.01764155607074,-0.609367394959299,188.0,-1.5266395470413532,25,0.3796119089996191,1.6052378245064762,176.0,144.80654803332752,213.66128472601758,68.85473669269007
04,P3b,Decrease by 2,483.3550316306868,3.820144490998032,476.0,4.763402145259385,25,0.428272780155857,8.91988626876498,468.0,424.5281382173206,539.0568287363336,114.52869051901303
04,P1,Decrease by 3,118.26498287635303,0.7728373679998087,124.0,1.9389353836542567,14,0.7126801623489402,1.0844098220057017,112.0,97.42910462046567,127.34133545424339,29.912230833777727
04,N1,Decrease by 3,191.84874367323368,-1.8895639276136498,196.0,-3.3105783145934025,14,0.5567456020671937,3.393944955465671,176.0,144.80654803332752,213.66128472601758,68.85473669269007
04,P3b,Decrease by 3,486.6023147893841,2.2160268165117065,484.0,3.288937101652859,14,0.23311239433438233,9.506259085190388,468.0,424.5281382173206,539.0568287363336,114.52869051901303
05,P1,Decrease by 1,113.30456200999978,0.4385930090482402,116.0,0.6096158421615774,21,0.5477533548970338,0.8007125928615929,112.0,97.42910462046567,127.34133545424339,29.912230833777727
05,N1,Decrease by 1,174.5187107085411,-4.547188295557147,172.0,-6.870606029202445,21,0.5887463574560851,7.7235098578020915,176.0,144.80654803332752,213.66128472601758,68.85473669269007
05,P3b,Decrease by 1,nan,-0.28396545135645784,508.0,1.017474174419926,21,0.6230883617352435,0.4557386540901523,468.0,424.5281382173206,539.0568287363336,114.52869051901303
05,P1,Decrease by 2,112.88073213955819,1.6200434714936207,116.0,1.902743317642355,25,0.286912388736305,5.646474446882696,112.0,97.42910462046567,127.34133545424339,29.912230833777727
05,N1,Decrease by 2,178.56507306543543,-4.524690980904527,176.0,-6.449745346585556,25,0.2317412241419726,19.524756536767693,176.0,144.80654803332752,213.66128472601758,68.85473669269007
05,P3b,Decrease by 2,487.9849032874135,2.5099106718901245,508.0,3.0226881784425443,25,0.2525817829842969,9.937021752856051,468.0,424.5281382173206,539.0568287363336,114.52869051901303
05,P1,Decrease by 3,111.6557160988218,1.407795660074034,112.0,1.6416706909293637,16,0.5513789378062973,2.553227124842772,112.0,97.42910462046567,127.34133545424339,29.912230833777727
05,N1,Decrease by 3,177.89881204910984,-4.382337643740038,172.0,-6.148256267577171,16,0.3181797413782529,13.773151064732005,176.0,144.80654803332752,213.66128472601758,68.85473669269007
05,P3b,Decrease by 3,499.6002288602206,0.2402223322252801,512.0,0.719930237605395,16,0.4454585126221258,0.539269820687109,468.0,424.5281382173206,539.0568287363336,114.52869051901303
08,P1,Decrease by 1,116.4468102676219,1.1864463964698346,124.0,2.0884966669266296,21,0.7336382498700736,1.617209021857779,112.0,97.42910462046567,127.34133545424339,29.912230833777727
08,N1,Decrease by 1,211.05840583485534,-0.15821158625727916,212.0,-2.777788926850176,21,0.6716272564245881,0.2355645705916099,176.0,144.80654803332752,213.66128472601758,68.85473669269007
08,P3b,Decrease by 1,431.0496527165343,0.12156728661946416,444.0,2.985712063049494,21,0.6190472753883096,0.19637803355682112,468.0,424.5281382173206,539.0568287363336,114.52869051901303
08,P1,Decrease by 2,117.27116439761556,0.931949112569147,124.0,1.899213199028864,26,0.6567290969278482,1.4190769328308535,112.0,97.42910462046567,127.34133545424339,29.912230833777727
08,N1,Decrease by 2,185.8401747297602,-3.319276462835368,192.0,-4.569597633139398,26,0.3906028062116379,8.497830558434096,176.0,144.80654803332752,213.66128472601758,68.85473669269007
08,P3b,Decrease by 2,nan,-1.062151385435002,436.0,1.2237623149289916,26,0.3671167585009579,2.89322500496046,468.0,424.5281382173206,539.0568287363336,114.52869051901303
08,P1,Decrease by 3,nan,-0.647202394041198,124.0,1.8939443459493048,16,0.7544458593996992,0.8578513434432085,112.0,97.42910462046567,127.34133545424339,29.912230833777727
08,N1,Decrease by 3,186.70974922719117,-2.584637816971942,188.0,-4.533761281915382,16,0.8965343475036337,2.882921133104124,176.0,144.80654803332752,213.66128472601758,68.85473669269007
08,P3b,Decrease by 3,nan,-3.146733023614033,444.0,-0.38515351244136087,16,1.243324392871193,2.5309026684076574,468.0,424.5281382173206,539.0568287363336,114.52869051901303
09,P1,Decrease by 1,112.17671381316758,0.7772948003703188,112.0,1.1460079181391194,20,0.7452048450860097,1.0430619251819349,112.0,97.42910462046567,127.34133545424339,29.912230833777727
09,N1,Decrease by 1,166.0759214252953,-1.8034240434102198,172.0,-4.073320165876657,20,0.9307647253997837,1.9375724006253137,176.0,144.80654803332752,213.66128472601758,68.85473669269007
09,P3b,Decrease by 1,477.3483116808431,7.076430749540473,468.0,8.891755455020983,20,1.515664276222241,4.668864246888709,468.0,424.5281382173206,539.0568287363336,114.52869051901303
09,P1,Decrease by 2,nan,-0.19029547196654448,100.0,0.516277203452087,20,1.080108997445392,0.1761817301926192,112.0,97.42910462046567,127.34133545424339,29.912230833777727
09,N1,Decrease by 2,173.03982373777845,-4.892536293656863,176.0,-8.395433830663258,20,1.4512378353354,3.3712849641396883,176.0,144.80654803332752,213.66128472601758,68.85473669269007
09,P3b,Decrease by 2,480.35093285540785,5.88890691217964,476.0,8.175707047510775,20,1.6193003827707755,3.636698277130748,468.0,424.5281382173206,539.0568287363336,114.52869051901303
09,P1,Decrease by 3,nan,-0.9215287450904406,100.0,-0.2667470266371296,19,1.0205920416329861,0.9029354604960073,112.0,97.42910462046567,127.34133545424339,29.912230833777727
09,N1,Decrease by 3,169.089637246235,-3.571044599168142,164.0,-6.536995363064803,19,0.9177579306024273,3.891052836584115,176.0,144.80654803332752,213.66128472601758,68.85473669269007
09,P3b,Decrease by 3,484.3579525195857,6.099229340870535,524.0,6.769797524081787,19,1.4140424878274167,4.313328201503761,468.0,424.5281382173206,539.0568287363336,114.52869051901303
10,P1,Decrease by 1,nan,-1.8289268256536746,100.0,-1.2633200673536291,24,0.9033165959282272,2.0246797566852095,112.0,97.42910462046567,127.34133545424339,29.912230833777727
10,N1,Decrease by 1,173.28545396593572,-3.4378488101404425,168.0,-5.223162847701178,24,0.851022996794339,4.039666170115547,176.0,144.80654803332752,213.66128472601758,68.85473669269007
10,P3b,Decrease by 1,nan,-0.11569258484868028,480.0,0.5252848650509077,24,0.7067333645303734,0.16370047128814752,468.0,424.5281382173206,539.0568287363336,114.52869051901303
10,P1,Decrease by 2,nan,-1.1370508486973645,108.0,-0.8186912475366557,24,0.7921479508640692,1.4354021208501238,112.0,97.42910462046567,127.34133545424339,29.912230833777727
10,N1,Decrease by 2,175.39820617878098,-3.733458979244881,168.0,-5.094139201657046,24,0.44826940983363367,8.328605292586172,176.0,144.80654803332752,213.66128472601758,68.85473669269007
10,P3b,Decrease by 2,nan,-2.1954510515590018,536.0,-0.8002774315144727,24,0.35226560763726605,6.232374106244557,468.0,424.5281382173206,539.0568287363336,114.52869051901303
10,P1,Decrease by 3,nan,-0.3871832564285417,104.0,1.0833805083631642,14,0.9062963410475707,0.42721485113909197,112.0,97.42910462046567,127.34133545424339,29.912230833777727
10,N1,Decrease by 3,171.61913009212014,-4.879696470376864,160.0,-7.065783552174729,14,1.082431765830293,4.508086906183717,176.0,144.80654803332752,213.66128472601758,68.85473669269007
10,P3b,Decrease by 3,nan,-2.127667608862422,484.0,-1.2057993696444176,14,1.02891398326329,2.0678770465479914,468.0,424.5281382173206,539.0568287363336,114.52869051901303
11,P1,Decrease by 1,nan,-1.2693271600783702,124.0,-0.462117762567922,22,0.8139901734955242,1.5593888002695278,112.0,97.42910462046567,127.34133545424339,29.912230833777727
11,N1,Decrease by 1,188.5667031280361,-5.649506793329275,200.0,-8.077254252002977,22,0.52361237473919,10.789482957012389,176.0,144.80654803332752,213.66128472601758,68.85473669269007
11,P3b,Decrease by 1,468.73015412782325,3.3674141099408343,476.0,5.875091496005179,22,0.4397139962191194,7.658191776690174,468.0,424.5281382173206,539.0568287363336,114.52869051901303
11,P1,Decrease by 2,114.12394968610457,1.250454380830188,124.0,1.649845825063291,15,0.9616971648523542,1.3002579466085518,112.0,97.42910462046567,127.34133545424339,29.912230833777727
11,N1,Decrease by 2,193.1524336386456,-4.171783363550583,196.0,-7.9082644026373385,15,0.7536678188076318,5.535307809945644,176.0,144.80654803332752,213.66128472601758,68.85473669269007
11,P3b,Decrease by 2,465.8761893122209,2.309699561184692,452.0,4.00538804275304,15,0.3951000146012813,5.845860480454667,468.0,424.5281382173206,539.0568287363336,114.52869051901303
11,P1,Decrease by 3,118.24053509918625,0.48827767539852207,124.0,1.1079482584494793,15,0.8412141564495114,0.5804439590738484,112.0,97.42910462046567,127.34133545424339,29.912230833777727
11,N1,Decrease by 3,188.41608878609702,-5.32901472201339,196.0,-7.944212538064869,15,0.5451314842930335,9.775650234042981,176.0,144.80654803332752,213.66128472601758,68.85473669269007
11,P3b,Decrease by 3,481.0742119440876,5.379511637018706,476.0,7.0346821134182145,15,0.7134946883421301,7.539665991793844,468.0,424.5281382173206,539.0568287363336,114.52869051901303
12,P1,Decrease by 1,115.26153429843447,0.6680426018080069,124.0,1.003183075919258,18,0.3755111970638602,1.7790217895803468,112.0,97.42910462046567,127.34133545424339,29.912230833777727
12,N1,Decrease by 1,189.53210066724765,-3.3034739684222347,192.0,-4.870269922153263,18,0.43234977110011535,7.640744113305611,176.0,144.80654803332752,213.66128472601758,68.85473669269007
12,P3b,Decrease by 1,484.8683908323262,2.257709102432543,480.0,3.2380011173127157,18,0.28737995222007856,7.856181633378399,468.0,424.5281382173206,539.0568287363336,114.52869051901303
12,P1,Decrease by 2,116.03105528580569,1.890748130611882,120.0,3.0276509906336435,19,0.5951468423661144,3.176943900256396,112.0,97.42910462046567,127.34133545424339,29.912230833777727
12,N1,Decrease by 2,182.94248530953814,-3.637816085249433,180.0,-5.188797396798613,19,0.5466546327935625,6.65468811022262,176.0,144.80654803332752,213.66128472601758,68.85473669269007
12,P3b,Decrease by 2,455.80472398430726,1.3333901338551823,440.0,2.7479248871209077,19,0.4933840837970559,2.702539821701356,468.0,424.5281382173206,539.0568287363336,114.52869051901303
12,P1,Decrease by 3,118.33447898348113,1.4835800933555403,120.0,3.4227964861920497,15,0.38613484969457623,3.8421294905886323,112.0,97.42910462046567,127.34133545424339,29.912230833777727
12,N1,Decrease by 3,185.65234621956944,-2.95344958242149,184.0,-5.1136650876349705,15,0.2515877668840034,11.739241613377816,176.0,144.80654803332752,213.66128472601758,68.85473669269007
12,P3b,Decrease by 3,480.7348051396882,1.696518594821925,476.0,3.0454829908224283,15,0.5449058203728054,3.113416174672582,468.0,424.5281382173206,539.0568287363336,114.52869051901303
13,P1,Decrease by 1,116.41443049494355,3.214153926361114,124.0,5.6718823435046986,23,0.71829947366727,4.474671142317963,112.0,97.42910462046567,127.34133545424339,29.912230833777727
13,N1,Decrease by 1,203.23901660525308,-1.4451609077054253,212.0,-5.512002401616906,23,0.8040764309723184,1.7972929587774191,176.0,144.80654803332752,213.66128472601758,68.85473669269007
13,P3b,Decrease by 1,482.7495252635241,4.085485874671843,468.0,4.598706620556802,23,0.6932011479518403,5.893651340224958,468.0,424.5281382173206,539.0568287363336,114.52869051901303
13,P1,Decrease by 2,115.68941126011302,2.5174048871160926,124.0,4.3537422696629156,26,0.8727066722263047,2.8845945232595804,112.0,97.42910462046567,127.34133545424339,29.912230833777727
13,N1,Decrease by 2,203.96626023889388,-0.8271057648385903,212.0,-3.5478365093198834,26,0.6355189115745762,1.3014652275088623,176.0,144.80654803332752,213.66128472601758,68.85473669269007
13,P3b,Decrease by 2,487.56888991514734,3.7995076991762935,484.0,5.330303584166488,26,0.405065251355055,9.379989239920956,468.0,424.5281382173206,539.0568287363336,114.52869051901303
13,P1,Decrease by 3,115.70171831247855,3.1793056578217156,124.0,5.182493695762274,16,0.6847895230315062,4.642748685387583,112.0,97.42910462046567,127.34133545424339,29.912230833777727
13,N1,Decrease by 3,203.36449322824987,-1.2426943194948943,208.0,-4.753483042946072,16,0.5972472652853428,2.0807032392206612,176.0,144.80654803332752,213.66128472601758,68.85473669269007
13,P3b,Decrease by 3,484.8210770672919,4.732697446992627,492.0,5.910167239601988,16,0.6415176517709125,7.3773456333243415,468.0,424.5281382173206,539.0568287363336,114.52869051901303
14,P1,Decrease by 1,nan,-1.1180512223328753,124.0,-0.2786530397290774,31,0.5179833602339573,2.1584693798424057,112.0,97.42910462046567,127.34133545424339,29.912230833777727
14,N1,Decrease by 1,176.6771745184398,-2.5369712593359086,176.0,-3.8100474068921018,31,0.6147002120090961,4.127168349338991,176.0,144.80654803332752,213.66128472601758,68.85473669269007
14,P3b,Decrease by 1,487.3523456126432,5.999642209953342,512.0,7.084844477328782,31,0.4246625735724337,14.128022065806082,468.0,424.5281382173206,539.0568287363336,114.52869051901303
14,P1,Decrease by 2,nan,-1.899274479168792,124.0,-0.2538083069522215,24,0.3498683837343467,5.428539895193564,112.0,97.42910462046567,127.34133545424339,29.912230833777727
14,N1,Decrease by 2,177.53582226334663,-3.5670393499758815,180.0,-4.86381216853838,24,0.5713590527275,6.24307838118235,176.0,144.80654803332752,213.66128472601758,68.85473669269007
14,P3b,Decrease by 2,476.90698173085474,5.2482415803223414,456.0,6.438227788691791,24,0.8830653767532997,5.943208417499232,468.0,424.5281382173206,539.0568287363336,114.52869051901303
14,P1,Decrease by 3,nan,-2.8835908008002917,124.0,-1.0256923475637618,19,1.0627119648997747,2.7134264937651715,112.0,97.42910462046567,127.34133545424339,29.912230833777727
14,N1,Decrease by 3,184.7762585818689,-0.6236287441161992,184.0,-1.4754728252898603,19,0.7291515614213075,0.8552799954245223,176.0,144.80654803332752,213.66128472601758,68.85473669269007
14,P3b,Decrease by 3,478.47632437779845,7.921597182718322,472.0,9.525277509521786,19,0.3485658133609621,22.726259659076213,468.0,424.5281382173206,539.0568287363336,114.52869051901303
15,P1,Decrease by 1,nan,-0.6214837843531263,104.0,-0.1535702500737432,17,0.6940098781984624,0.8954970294751393,112.0,97.42910462046567,127.34133545424339,29.912230833777727
15,N1,Decrease by 1,179.44960937421013,-3.6719383551387863,180.0,-4.789144262700694,17,0.5066364676826607,7.247678738828488,176.0,144.80654803332752,213.66128472601758,68.85473669269007
15,P3b,Decrease by 1,489.40868092310967,3.119678431263742,512.0,3.957965472782483,17,0.3522045947940373,8.857574481923132,468.0,424.5281382173206,539.0568287363336,114.52869051901303
15,P1,Decrease by 2,103.42114737705951,0.17817228106022048,100.0,0.7101772562457339,14,0.638291914287051,0.2791391792252805,112.0,97.42910462046567,127.34133545424339,29.912230833777727
15,N1,Decrease by 2,180.21032019946182,-2.470683843071174,180.0,-4.256374925695539,14,0.3977986894222084,6.2108898514969315,176.0,144.80654803332752,213.66128472601758,68.85473669269007
15,P3b,Decrease by 2,491.9287050789785,1.8517408297688103,484.0,2.7058534595076194,14,0.34555166753308436,5.358795814786562,468.0,424.5281382173206,539.0568287363336,114.52869051901303
15,P1,Decrease by 3,nan,-1.9854528510349165,100.0,-0.6007892820654843,11,0.7110420720715108,2.792314166798327,112.0,97.42910462046567,127.34133545424339,29.912230833777727
15,N1,Decrease by 3,182.5421149304711,-4.513056847736829,192.0,-5.671355888270137,11,0.3282388086199427,13.749309128654419,176.0,144.80654803332752,213.66128472601758,68.85473669269007
15,P3b,Decrease by 3,482.61330960813405,3.5123451244283657,460.0,4.379190714528737,11,0.2142902033619703,16.390600546938934,468.0,424.5281382173206,539.0568287363336,114.52869051901303
17,P1,Decrease by 1,112.33563504406295,4.450447231281369,116.0,4.869315939929557,28,0.4190076541307424,10.621398409807334,112.0,97.42910462046567,127.34133545424339,29.912230833777727
17,N1,Decrease by 1,170.7777901018818,-3.1601916706188633,168.0,-5.837243464785584,28,0.4680080369960705,6.752430344792128,176.0,144.80654803332752,213.66128472601758,68.85473669269007
17,P3b,Decrease by 1,475.88361200753445,5.942754592450739,452.0,7.260939819661384,28,0.4466703813360527,13.304563814316815,468.0,424.5281382173206,539.0568287363336,114.52869051901303
17,P1,Decrease by 2,112.79744234514246,4.873365753578466,116.0,5.736549226275406,26,0.4212048441223906,11.570061032257263,112.0,97.42910462046567,127.34133545424339,29.912230833777727
17,N1,Decrease by 2,175.8989454023089,-2.1037080856854744,168.0,-3.7444727647622673,26,0.32729833998402014,6.427493905982489,176.0,144.80654803332752,213.66128472601758,68.85473669269007
17,P3b,Decrease by 2,479.1979849615317,6.63544026020184,436.0,8.684905237926909,26,0.6190940735706483,10.717983814530301,468.0,424.5281382173206,539.0568287363336,114.52869051901303
17,P1,Decrease by 3,112.3309621382802,4.666229186978951,112.0,5.271280827602498,18,1.2399751364737464,3.763163510075549,112.0,97.42910462046567,127.34133545424339,29.912230833777727
17,N1,Decrease by 3,177.3648975668847,-2.3392831962220066,168.0,-3.2829235849063356,18,1.136074789813928,2.059092603054017,176.0,144.80654803332752,213.66128472601758,68.85473669269007
17,P3b,Decrease by 3,459.6015376792371,4.917079267766407,436.0,9.691324560793543,18,0.9494761605676655,5.1787285157603336,468.0,424.5281382173206,539.0568287363336,114.52869051901303
21,P1,Decrease by 1,nan,-1.4562885748711885,100.0,0.005156014604190595,26,0.286645832789226,5.080445652046211,112.0,97.42910462046567,127.34133545424339,29.912230833777727
21,N1,Decrease by 1,180.45091978194014,-5.999256938562502,180.0,-7.238632763480909,26,0.5994638010218784,10.007705099683825,176.0,144.80654803332752,213.66128472601758,68.85473669269007
21,P3b,Decrease by 1,492.18308275740765,7.334705931216013,516.0,9.870415234995424,26,0.5428789203321429,13.510758396602526,468.0,424.5281382173206,539.0568287363336,114.52869051901303
21,P1,Decrease by 2,113.8561168858923,1.3959149047880481,120.0,1.7497490495022532,22,0.6831042242325225,2.0434874434518084,112.0,97.42910462046567,127.34133545424339,29.912230833777727
21,N1,Decrease by 2,184.49125139063966,-6.76102350827376,188.0,-8.972144780141624,22,0.5692936253294925,11.876162330749187,176.0,144.80654803332752,213.66128472601758,68.85473669269007
21,P3b,Decrease by 2,486.5235766009285,6.205528604090484,496.0,7.426128339057884,22,0.3222153703151654,19.25894657980074,468.0,424.5281382173206,539.0568287363336,114.52869051901303
21,P1,Decrease by 3,107.62229917510149,1.2527891951944363,104.0,2.1309053277188688,19,0.9339246478156856,1.3414242767064009,112.0,97.42910462046567,127.34133545424339,29.912230833777727
21,N1,Decrease by 3,182.29157271986,-4.456726411733967,180.0,-7.330509141073325,19,0.9655405983864995,4.615783550874542,176.0,144.80654803332752,213.66128472601758,68.85473669269007
21,P3b,Decrease by 3,479.32346719806867,10.314573418629124,484.0,12.384632989294404,19,0.905165524341636,11.395234508220291,468.0,424.5281382173206,539.0568287363336,114.52869051901303
22,P1,Decrease by 1,nan,-1.7281095919844947,112.0,-0.9185662764369983,20,0.8857930180328631,1.950918055125584,112.0,97.42910462046567,127.34133545424339,29.912230833777727
22,N1,Decrease by 1,177.3565946093623,-2.411300357463031,176.0,-3.0858547557002693,20,0.9079638156757238,2.655722965863453,176.0,144.80654803332752,213.66128472601758,68.85473669269007
22,P3b,Decrease by 1,484.8458404698811,1.889376444660752,488.0,3.7498647330777093,20,0.6888237852532013,2.7429024448774593,468.0,424.5281382173206,539.0568287363336,114.52869051901303
22,P1,Decrease by 2,nan,-3.031416111508931,112.0,-2.3190913407358393,27,0.44935010203245446,6.74622326288019,112.0,97.42910462046567,127.34133545424339,29.912230833777727
22,N1,Decrease by 2,166.50766200184813,-1.4614803355087476,148.0,-3.187006690271601,27,0.5698004830339378,2.564898379388879,176.0,144.80654803332752,213.66128472601758,68.85473669269007
22,P3b,Decrease by 2,479.4864761528243,2.944469169984465,468.0,3.82889440665447,27,0.6524525577642472,4.512924556651672,468.0,424.5281382173206,539.0568287363336,114.52869051901303
22,P1,Decrease by 3,nan,-2.6296385372315743,100.0,-1.3518937702622207,19,1.0308982244881593,2.5508226464714197,112.0,97.42910462046567,127.34133545424339,29.912230833777727
22,N1,Decrease by 3,182.1259095914365,-4.00313307919308,192.0,-4.803777025396871,19,0.5735339711142755,6.979766292510446,176.0,144.80654803332752,213.66128472601758,68.85473669269007
22,P3b,Decrease by 3,507.0656797891928,1.595797227885446,512.0,4.141640527291775,19,0.5873776028405467,2.716816610249014,468.0,424.5281382173206,539.0568287363336,114.52869051901303
23,P1,Decrease by 1,nan,-1.0911759149640157,112.0,-0.8557299395704703,25,0.6216122483037476,1.7553964194586111,112.0,97.42910462046567,127.34133545424339,29.912230833777727
23,N1,Decrease by 1,174.9035600861363,-7.591004833805514,168.0,-9.904911693435341,25,0.6396496058987499,11.86744236813787,176.0,144.80654803332752,213.66128472601758,68.85473669269007
23,P3b,Decrease by 1,nan,-0.7260440141767025,512.0,-0.04049305885293287,25,0.7988636569815346,0.9088459686850978,468.0,424.5281382173206,539.0568287363336,114.52869051901303
23,P1,Decrease by 2,108.9314806594521,0.6417653417628627,108.0,1.0557887445215373,28,0.6678232643065551,0.9609808104382975,112.0,97.42910462046567,127.34133545424339,29.912230833777727
23,N1,Decrease by 2,175.29485288479557,-7.396005455604972,172.0,-9.59439443372487,28,0.7408120046852028,9.983646875090525,176.0,144.80654803332752,213.66128472601758,68.85473669269007
23,P3b,Decrease by 2,nan,-0.6370017715107902,468.0,0.10033469911418372,28,0.7959162358374118,0.8003377024223887,468.0,424.5281382173206,539.0568287363336,114.52869051901303
23,P1,Decrease by 3,111.33898175397582,1.5118644547259839,112.0,2.1218736283283075,22,0.5996105934965035,2.5214105139635095,112.0,97.42910462046567,127.34133545424339,29.912230833777727
23,N1,Decrease by 3,177.4840692061877,-6.760390844008765,176.0,-8.6020729891301,22,0.8835711236944764,7.65121297280692,176.0,144.80654803332752,213.66128472601758,68.85473669269007
23,P3b,Decrease by 3,486.540476618264,1.5825707961819067,476.0,2.367788978060815,22,1.1352839271078647,1.3939867890259885,468.0,424.5281382173206,539.0568287363336,114.52869051901303
25,P1,Decrease by 1,nan,-1.9689655334175684,100.0,0.48746354906577616,26,0.4456799542423424,4.417891167586429,112.0,97.42910462046567,127.34133545424339,29.912230833777727
25,N1,Decrease by 1,162.3499947375837,-3.470494064207859,152.0,-8.127413971255601,26,0.425831537159822,8.149922589940354,176.0,144.80654803332752,213.66128472601758,68.85473669269007
25,P3b,Decrease by 1,452.3586028286362,1.5647839293110053,436.0,3.7242884077919287,26,0.522983604869283,2.9920324743298883,468.0,424.5281382173206,539.0568287363336,114.52869051901303
25,P1,Decrease by 2,nan,-0.726217183436007,104.0,0.384834571525414,19,1.7267783395681304,0.42056190235605745,112.0,97.42910462046567,127.34133545424339,29.912230833777727
25,N1,Decrease by 2,162.8306167667505,-2.6082333015600647,148.0,-5.948141937111435,19,1.3849378971281052,1.8832853855531444,176.0,144.80654803332752,213.66128472601758,68.85473669269007
25,P3b,Decrease by 2,458.53181606119387,3.3471130052213716,436.0,6.195074781834695,19,0.8308562137655219,4.028510528978206,468.0,424.5281382173206,539.0568287363336,114.52869051901303
25,P1,Decrease by 3,nan,-0.9246130065136776,100.0,0.47912200911459657,18,0.165128159117475,5.5993660406272205,112.0,97.42910462046567,127.34133545424339,29.912230833777727
25,N1,Decrease by 3,166.80322555539902,-4.2517346388539705,156.0,-7.52178758319615,18,0.1630125895527565,26.082247086063024,176.0,144.80654803332752,213.66128472601758,68.85473669269007
25,P3b,Decrease by 3,454.10445443577066,1.70836188265026,436.0,3.609318449786722,18,0.24699818622578884,6.916495658347031,468.0,424.5281382173206,539.0568287363336,114.52869051901303
26,P1,Decrease by 1,106.70392852691687,0.2819586173824618,100.0,0.6206146746368439,37,0.4192661129851788,0.672505143272643,112.0,97.42910462046567,127.34133545424339,29.912230833777727
26,N1,Decrease by 1,175.48427020604402,-3.4755661819509234,172.0,-4.851723506370871,37,0.3698712891847905,9.396690912698833,176.0,144.80654803332752,213.66128472601758,68.85473669269007
26,P3b,Decrease by 1,nan,-3.336584175653145,452.0,-2.277634860536976,37,0.23195574864731425,14.384572036308438,468.0,424.5281382173206,539.0568287363336,114.52869051901303
26,P1,Decrease by 2,109.60396591892138,2.1385569987413042,104.0,2.8214568420078585,22,0.32945237384971426,6.491247805416774,112.0,97.42910462046567,127.34133545424339,29.912230833777727
26,N1,Decrease by 2,178.9137695465852,-4.379318676155359,176.0,-5.91103295028884,22,0.24809024676803812,17.652119473483282,176.0,144.80654803332752,213.66128472601758,68.85473669269007
26,P3b,Decrease by 2,nan,-3.0342048383828257,432.0,-0.9724824316692906,22,0.26310778153334424,11.532174459835556,468.0,424.5281382173206,539.0568287363336,114.52869051901303
26,P1,Decrease by 3,109.41448734141038,0.7492079243651363,104.0,1.018218062831153,19,0.3911759160649236,1.9152710931232024,112.0,97.42910462046567,127.34133545424339,29.912230833777727
26,N1,Decrease by 3,177.75925548888029,-4.564258404357901,176.0,-5.826759525735897,19,0.3188464087506928,14.314912381298644,176.0,144.80654803332752,213.66128472601758,68.85473669269007
26,P3b,Decrease by 3,nan,-4.6108818408996814,428.0,-0.8093550736317192,19,0.2493672929737047,18.490323193209985,468.0,424.5281382173206,539.0568287363336,114.52869051901303
27,P1,Decrease by 1,nan,-1.7832593947510902,124.0,-0.11254533114737945,29,0.8050330721542999,2.215138056352168,112.0,97.42910462046567,127.34133545424339,29.912230833777727
27,N1,Decrease by 1,176.1623703023606,-1.5501747715585896,180.0,-2.2423344541431107,29,0.7489329598254648,2.0698445050673833,176.0,144.80654803332752,213.66128472601758,68.85473669269007
27,P3b,Decrease by 1,495.2695077144902,6.299322166717839,536.0,9.035785850973143,29,1.339235918495294,4.703668770917881,468.0,424.5281382173206,539.0568287363336,114.52869051901303
27,P1,Decrease by 2,114.50183513633951,0.9531395359966892,124.0,1.3206057896180172,27,0.47584635047843926,2.0030405508802493,112.0,97.42910462046567,127.34133545424339,29.912230833777727
27,N1,Decrease by 2,170.87533056275885,-1.2750357629895934,160.0,-2.069092505111458,27,0.388634273344469,3.2808114220524645,176.0,144.80654803332752,213.66128472601758,68.85473669269007
27,P3b,Decrease by 2,493.71539493860246,5.333817418325701,536.0,7.571947463762904,27,0.5665569244148035,9.414442200728548,468.0,424.5281382173206,539.0568287363336,114.52869051901303
27,P1,Decrease by 3,111.3494128672553,1.2740755951569758,112.0,1.419873315161582,20,0.7239616685486131,1.7598660958268997,112.0,97.42910462046567,127.34133545424339,29.912230833777727
27,N1,Decrease by 3,161.47897354021723,-0.8895883180560341,152.0,-2.1612344939868415,20,0.7094151216549122,1.2539742823367181,176.0,144.80654803332752,213.66128472601758,68.85473669269007
27,P3b,Decrease by 3,488.5780275052356,5.493384010434469,520.0,6.899034259719622,20,0.5001649620963012,10.983144415815314,468.0,424.5281382173206,539.0568287363336,114.52869051901303
28,P1,Decrease by 1,112.11481144069033,2.389623871173286,112.0,2.7988618733219184,19,0.35405782312923095,6.74924748181902,112.0,97.42910462046567,127.34133545424339,29.912230833777727
28,N1,Decrease by 1,173.22240530681233,-2.7565898893706504,164.0,-3.7167884826028064,19,0.3069730792439532,8.979907606751318,176.0,144.80654803332752,213.66128472601758,68.85473669269007
28,P3b,Decrease by 1,511.81584228335396,1.2235914073873868,524.0,2.9897400356971033,19,0.17225693441683307,7.103292599103729,468.0,424.5281382173206,539.0568287363336,114.52869051901303
28,P1,Decrease by 2,113.94361797475419,2.290448248181362,116.0,2.9774008626663613,19,0.2115790378661225,10.825497040168283,112.0,97.42910462046567,127.34133545424339,29.912230833777727
28,N1,Decrease by 2,178.6920765912885,-3.053880784886383,184.0,-3.5366049161716977,19,0.23820383733511377,12.82045167303528,176.0,144.80654803332752,213.66128472601758,68.85473669269007
28,P3b,Decrease by 2,463.5689457770163,0.8009393932887695,452.0,1.6867248097693612,19,0.22763876145623765,3.5184666625536263,468.0,424.5281382173206,539.0568287363336,114.52869051901303
28,P1,Decrease by 3,113.25725833077696,2.329541148732638,116.0,2.762394689924175,16,0.22600440691048782,10.307503205702025,112.0,97.42910462046567,127.34133545424339,29.912230833777727
28,N1,Decrease by 3,172.15791186493456,-1.5022313917317958,168.0,-2.5447217963815,16,0.2708491491978944,5.5463766313483935,176.0,144.80654803332752,213.66128472601758,68.85473669269007
28,P3b,Decrease by 3,483.60089222496447,2.819026602736519,520.0,3.3013066263427144,16,0.423154486928018,6.6619324379657545,468.0,424.5281382173206,539.0568287363336,114.52869051901303
29,P1,Decrease by 1,118.34696028299997,0.46745247221128455,124.0,1.228860315906702,29,0.35022174959456714,1.3347328449830118,112.0,97.42910462046567,127.34133545424339,29.912230833777727
29,N1,Decrease by 1,178.93407101112183,-2.7460487329353267,176.0,-3.424345263943452,29,0.2230847327023338,12.309442693236347,176.0,144.80654803332752,213.66128472601758,68.85473669269007
29,P3b,Decrease by 1,481.883428015284,1.6685045335206967,480.0,2.406882686038523,29,0.37645543736785786,4.432143536527799,468.0,424.5281382173206,539.0568287363336,114.52869051901303
29,P1,Decrease by 2,111.88446248354109,1.15818986455557,100.0,1.3286047822054152,29,0.352907361966794,3.2818523765014205,112.0,97.42910462046567,127.34133545424339,29.912230833777727
29,N1,Decrease by 2,181.13176579519453,-2.2011641098873898,188.0,-2.718747073919093,29,0.31063238497502366,7.086074138935559,176.0,144.80654803332752,213.66128472601758,68.85473669269007
29,P3b,Decrease by 2,477.8699258992618,2.8340060157209037,476.0,3.629010748997166,29,0.38657502382260167,7.33106341867917,468.0,424.5281382173206,539.0568287363336,114.52869051901303
29,P1,Decrease by 3,114.55233845006032,1.8918382378494272,124.0,2.547402594302963,20,0.27878726879188515,6.785956353199491,112.0,97.42910462046567,127.34133545424339,29.912230833777727
29,N1,Decrease by 3,177.62382572944443,-5.12854650605393,156.0,-6.0717046876296275,20,0.292749298763852,17.518561197958338,176.0,144.80654803332752,213.66128472601758,68.85473669269007
29,P3b,Decrease by 3,476.7762950914196,2.534526355301278,480.0,3.9035602600871764,20,0.4497426809218995,5.635503284024345,468.0,424.5281382173206,539.0568287363336,114.52869051901303
31,P1,Decrease by 1,103.4960822323289,0.16019894894479458,100.0,0.7069702018799698,26,0.80779835489935,0.19831551769470368,112.0,97.42910462046567,127.34133545424339,29.912230833777727
31,N1,Decrease by 1,182.41506877318983,-3.3681018624402936,184.0,-4.323874899345429,26,0.6563735637220621,5.131379520133292,176.0,144.80654803332752,213.66128472601758,68.85473669269007
31,P3b,Decrease by 1,489.8226194623354,6.178128575502716,528.0,7.506834789951313,26,0.418514886220677,14.762028254940198,468.0,424.5281382173206,539.0568287363336,114.52869051901303
31,P1,Decrease by 2,nan,-2.015426339469148,100.0,-0.10457464449727595,31,0.7247081078811031,2.7810180644478213,112.0,97.42910462046567,127.34133545424339,29.912230833777727
31,N1,Decrease by 2,184.4772152888546,-5.24300695621368,192.0,-6.938771964168477,31,0.5174586805218752,10.132223409463196,176.0,144.80654803332752,213.66128472601758,68.85473669269007
31,P3b,Decrease by 2,483.81839610238444,5.318883900501361,472.0,5.837195367432175,31,0.4444176739976967,11.968209663346844,468.0,424.5281382173206,539.0568287363336,114.52869051901303
31,P1,Decrease by 3,104.89883106836072,0.9306306211944796,104.0,2.827848989359983,19,0.5879110739956331,1.5829445342296649,112.0,97.42910462046567,127.34133545424339,29.912230833777727
31,N1,Decrease by 3,185.61453509653788,-5.094719303484465,192.0,-7.077679202408311,19,0.45362599732433373,11.231100804484624,176.0,144.80654803332752,213.66128472601758,68.85473669269007
31,P3b,Decrease by 3,481.9552381720966,7.450373222435258,460.0,8.095708379253985,19,0.37314341710213395,19.966513895101087,468.0,424.5281382173206,539.0568287363336,114.52869051901303
32,P1,Decrease by 1,nan,-0.3751531081361822,120.0,-0.17427791445984478,27,0.2091386564629958,1.79380089018866,112.0,97.42910462046567,127.34133545424339,29.912230833777727
32,N1,Decrease by 1,173.63381165855586,-3.111890067932177,172.0,-5.038451914640223,27,0.2643479713519596,11.771946090665956,176.0,144.80654803332752,213.66128472601758,68.85473669269007
32,P3b,Decrease by 1,490.6606859014521,3.359246102685513,508.0,4.585209246567881,27,0.22269578447734814,15.084462018755476,468.0,424.5281382173206,539.0568287363336,114.52869051901303
32,P1,Decrease by 2,nan,-0.04770012678592513,112.0,0.11299717277245218,28,0.35700012444873075,0.13361375394359395,112.0,97.42910462046567,127.34133545424339,29.912230833777727
32,N1,Decrease by 2,173.21188100613315,-2.4583751656623782,172.0,-3.8868592533291575,28,0.3615380280980921,6.799769248604118,176.0,144.80654803332752,213.66128472601758,68.85473669269007
32,P3b,Decrease by 2,484.3712053883221,3.6306150634982197,496.0,4.0870033257655995,28,0.3996142289323863,9.085299773228321,468.0,424.5281382173206,539.0568287363336,114.52869051901303
32,P1,Decrease by 3,113.17899755067872,1.1618138251009416,120.0,1.3378767519558286,22,0.27679383622954173,4.197397748906026,112.0,97.42910462046567,127.34133545424339,29.912230833777727
32,N1,Decrease by 3,174.50855636042093,-2.4745092916790714,168.0,-3.5153324688700067,22,0.4013844576853472,6.164935498371703,176.0,144.80654803332752,213.66128472601758,68.85473669269007
32,P3b,Decrease by 3,462.1666728893885,3.1274954726187416,432.0,5.484425437647416,22,0.2663614735596471,11.741545918120146,468.0,424.5281382173206,539.0568287363336,114.52869051901303
33,P1,Decrease by 1,111.09399454433098,2.7977534564997626,108.0,3.2701360093352005,28,0.32265920403717696,8.670924063202623,112.0,97.42910462046567,127.34133545424339,29.912230833777727
33,N1,Decrease by 1,166.24435144440648,-1.6940971557103373,168.0,-3.189630908828693,28,0.6503868675650165,2.6047530173124005,176.0,144.80654803332752,213.66128472601758,68.85473669269007
33,P3b,Decrease by 1,465.0208011983005,0.6291640614870645,536.0,1.5646972925697722,28,0.7576521725020198,0.8304127993315921,468.0,424.5281382173206,539.0568287363336,114.52869051901303
33,P1,Decrease by 2,110.71633911327497,2.0054080897793325,108.0,2.5767474483505532,17,0.4100534098773391,4.890602154434512,112.0,97.42910462046567,127.34133545424339,29.912230833777727
33,N1,Decrease by 2,171.0113885875168,-3.2951041735180504,168.0,-5.272562669481663,17,0.3516677219634266,9.36993635674286,176.0,144.80654803332752,213.66128472601758,68.85473669269007
33,P3b,Decrease by 2,477.9230371775197,1.939920403140416,444.0,2.448447801487794,17,0.5135529527090855,3.7774496143133476,468.0,424.5281382173206,539.0568287363336,114.52869051901303
33,P1,Decrease by 3,110.79791264267126,3.3583889994357246,108.0,4.155796461416914,18,0.6543901228547097,5.132089990577941,112.0,97.42910462046567,127.34133545424339,29.912230833777727
33,N1,Decrease by 3,171.28551106061647,-2.6804378813385337,168.0,-4.380304718559299,18,0.5687979770195545,4.712460292815676,176.0,144.80654803332752,213.66128472601758,68.85473669269007
33,P3b,Decrease by 3,nan,-0.4392064194191421,536.0,1.4533244900797682,18,0.41929078484087495,1.0474983836952805,468.0,424.5281382173206,539.0568287363336,114.52869051901303
